proposer,pl_name,pl_trandur,pl_orbper,pl_radj,pl_bmassj,pl_eqt,pl_orbsmax,st_teff,st_rad,st_mass,ra_in,dec_in,sy_vmag,target,teff,r_star,m_star,ra_etc,dec_etc,V_mag,transit_dur,NUV_min_flux,NUV_median_flux,NUV_max_flux,NUV_min_snr,NUV_median_snr,NUV_max_snr,NUV_transit_uncert,VIS_min_flux,VIS_median_flux,VIS_max_flux,VIS_min_snr,VIS_median_snr,VIS_max_snr,VIS_transit_uncert,NIR_min_flux,NIR_median_flux,NIR_max_flux,NIR_snr,NIR_transit_uncert,etc_version,etc_git_sha,category,req_nuv,req_vis,req_nir,n_transits_needed,t_need_h,vis_waltzer_year,vis_days,vis_intervals_doy
SDT,WASP-189 b,4.31,2.7240317,1.374,2.13,3105.0,0.0508,8000.0,2.33,2.36,225.686732,-3.0314874,6.59776,WASP-189 b,8000.0,2.33,2.36,225.686732,-3.0314874,6.59776,4.31,19.74762514335152,860.5861586897755,2597.944470117044,52.32408518446703,553.178644936828,1010.661366761752,2556.522337435126,2869.7446763266285,8465.922300104834,8892.969051747616,1203.2051327280606,2054.6178841496503,2361.5059018599236,688.3097695600948,2579.3773767860266,6678.099173415901,8169.681980281112,127296.86972536393,11.109570607856924,0.3.5,858bd57,A/F host (6500–10000K),20.0,200.0,30.0,1.0,4.31,0224-0716,143,"[(55, 197)]"
SDT,KELT-9 b,3.91584,1.4811235,1.891,2.88,4050.0,0.03462,10170.0,2.362,2.52,307.8598998,39.9389161,7.55,KELT-9 b,10170.0,2.362,2.52,307.8598998,39.9389161,7.55,3.91584,529.4359177514714,1907.2142476719189,2104.9678151073035,453.6994357369084,813.6022733321522,877.1062416902628,1738.2124027027444,1077.660427190183,3032.4678151122325,4347.8848345308525,683.4326460482773,1255.0085156423584,1382.319610393797,1126.8557501773205,442.1009454750566,1308.4221176903325,2036.8465600276447,52936.130959868075,26.71546893831811,0.3.5,858bd57,Massive/hot host (Teff≥10000K),50.0,100.0,30.0,1.0,3.91584,0628-1013,108,"[(179, 286)]"
SDT,TOI-257 b,6.485,18.38818,0.639,0.138,1027.0,0.1528,6095.0,1.867,1.407,47.5172608,-50.8322632,7.57,TOI-257 b,6095.0,1.867,1.407,47.5172608,-50.8322632,7.57,6.485,2.659743526754476,134.57811654238577,1058.600103316708,20.79143838750031,247.46366081479857,771.3852897832155,5714.8332717484955,1467.830125506821,3886.491323383271,4328.584036164163,1057.6740160719078,1699.4109249224657,1928.077142063847,832.1786930007041,1788.020645121088,3947.374377846031,4312.343775823121,119399.49196290688,11.844385090117807,0.3.5,858bd57,Quiet FGK host (5200–6500K),20.0,200.0,30.0,1.0,6.485,0830-1117,80,"[(242, 321)]"
SDT,KELT-20 b,3.57552,3.4741085,1.741,3.382,2262.0,0.0542,8720.0,1.565,1.76,294.6614126,31.2192001,7.59,KELT-20 b,8720.0,1.565,1.76,294.6614126,31.2192001,7.59,3.57552,7.918061574232755,345.06297060901164,1041.6788920945178,21.991992462053496,313.475429895396,576.1890560755941,4511.401620359866,1150.6606432182068,3394.5192684330787,3565.749097338458,691.6153442039164,1183.6019233959464,1360.7758272028352,1194.8388511531705,1034.2341797717795,2677.668837143306,3275.7379427745673,72631.60855030603,19.471048357597425,0.3.5,858bd57,A/F host (6500–10000K),20.0,200.0,30.0,1.0,3.57552,0531-0925,118,"[(151, 268)]"
SDT,HD 209458 b,2.958,3.52474859,1.39,0.73,1450.0,0.047035,6091.0,1.19,1.23,330.7950219,18.8842419,7.65,HD 209458 b,6091.0,1.19,1.23,330.7950219,18.8842419,7.65,2.958,2.4708123338104304,125.01854666402926,983.4039130229896,13.118420744547269,160.01961287922467,501.2517349989566,8837.751428885642,1363.564848098812,3610.41980193493,4021.109071948736,688.2582222335637,1106.0773216963155,1254.9430414074498,1278.5847197411229,1661.0110781860678,3666.9781130553265,4006.022415979351,77650.01047743623,18.21266415390944,0.3.5,858bd57,Quiet FGK host (5200–6500K),20.0,200.0,30.0,1.0,2.958,0626-1110,138,"[(177, 314)]"
SDT,HD 189733 b,1.83208105,2.21857567,1.13,1.13,1200.0,0.03103,5052.0,0.75,0.79,300.1821223,22.7097759,7.67,HD 189733 b,5052.0,0.75,0.79,300.1821223,22.7097759,7.67,1.83208105,0.3132011232565069,47.88401776635564,756.5018867288649,4.900607294836643,69.04145768517444,346.8871101519131,20483.541480567194,1056.616440765246,3769.981644169647,4550.077220204952,506.1049022307532,897.1584260703601,1013.0699229327596,1576.325341520211,2279.8957535843674,4542.107566432156,4671.828151702421,68026.83034453205,20.78905565951845,0.3.5,858bd57,K/M host (Teff<5200K),20.0,100.0,30.0,1.0,1.83208105,0528-1004,130,"[(148, 277)]"
SDT,HD 1397 b,8.6016,11.53533,1.026,0.415,1228.3,0.1097,5521.0,2.336,1.324,4.4471631,-66.3589285,7.79,HD 1397 b,5521.0,2.336,1.324,4.4471631,-66.3589285,7.79,8.6016,0.2804292502944328,42.87366234094577,677.3451344488182,9.544321346973968,138.79530594111736,708.833469425574,10189.203105853325,946.0571317616244,3375.508730958242,4073.9788235013702,1037.0165578000842,1839.0689294565257,2076.763973911716,768.983445765145,2041.3383268855896,4066.8430763195793,4182.990317737047,139301.42395272595,10.152183102256227,0.3.5,858bd57,Quiet FGK host (5200–6500K),20.0,200.0,30.0,1.0,8.6016,0623-1002,102,"[(174, 275)]"
SDT,TOI-1431 b,2.489,2.650237,1.49,3.12,2370.0,0.046,7690.0,1.92,1.9,316.2036922,55.5880221,8.03,TOI-1431 b,7690.0,1.92,1.9,316.2036922,55.5880221,8.03,2.489,5.279817056748646,230.09032460704907,694.5985365955673,12.70342285067968,210.1974584521359,388.8700710045063,6728.024081676164,767.2683059655974,2263.488426417239,2377.665635422635,469.8927011769496,805.6109416455133,926.4211342429254,1755.4547601904103,689.6343520239175,1785.487706319516,2184.2842344119767,49050.60777356965,28.831723531367285,0.3.5,858bd57,A/F host (6500–10000K),20.0,200.0,30.0,1.0,2.489,0816-1022,68,"[(228, 295)]"
SDT,KELT-11 b,7.1,4.73620865,1.35,0.205,1712.0,0.0623,5375.0,2.69,1.44,161.7069053,-9.3993646,8.04,KELT-11 b,5375.0,2.69,1.44,161.7069053,-9.3993646,8.04,7.1,0.2227528713514298,34.05576052344825,538.0343649458092,6.93536637837762,107.04289370380246,569.2586017818363,13211.652949950643,751.4798914205259,2681.2618915584508,3236.0764071759386,838.4039157844734,1488.3974991650994,1680.9494724984402,950.1585182495826,1621.4926696700436,3230.4082817135873,3322.6673149568187,112450.08460397804,12.5763672597812,0.3.5,858bd57,Quiet FGK host (5200–6500K),20.0,200.0,30.0,1.0,7.1,1230-0517,139,"[(364, 137)]"
SDT,HD 118203 b,5.643,6.1349779,1.14,2.14,1361.0,0.0713,5742.0,2.04,1.27,203.509956,53.7281876,8.05,HD 118203 b,5742.0,2.04,1.27,203.509956,53.7281876,8.05,5.643,0.658560624215991,50.42123767118916,576.0613673743057,7.869358524708541,127.36630904112516,528.0454537599791,11103.51373938662,789.9921533217488,2584.373985451694,3021.939105819028,765.7108469059204,1301.6024218880775,1470.2029090003095,1086.5173101949722,1406.9844448911226,2897.6445330807537,3052.36324383764,94952.36627748542,14.89392647930698,0.3.5,858bd57,Quiet FGK host (5200–6500K),20.0,200.0,30.0,1.0,5.643,0118-0501,104,"[(18, 121)]"
SDT,WASP-33 b,2.8536,1.21987,1.593,2.093,2781.7,0.0239,7430.0,1.444,1.495,36.7127375,37.5504441,8.14,WASP-33 b,7430.0,1.444,1.495,36.7127375,37.5504441,8.14,2.8536,4.77110390468098,207.92100073975485,627.6736020428696,12.385011879933522,212.76547743055815,394.6314918265376,6646.818738884283,693.3416008896188,2045.4001253084732,2148.5763001372816,477.8563973584982,819.7363994841706,942.7356713100078,1725.2052772854868,623.187719267238,1613.4550261532818,1973.8272988863168,49787.33070077671,28.40508905513653,0.3.5,858bd57,A/F host (6500–10000K),20.0,200.0,30.0,1.0,2.8536,0902-0115,136,"[(245, 15)]"
SDT,HD 221416 b,8.6972718,14.2767,0.836,0.19,789.15,0.1228,5080.0,2.943,1.212,353.0331863,-21.8012007,8.15,HD 221416 b,5080.0,2.943,1.212,353.0331863,-21.8012007,8.15,8.6972718,0.2012905149668508,30.774470074226706,486.1944707277926,6.954293402266751,110.0776654176312,596.4059090161346,12847.416022202264,679.0744083950497,2422.9208972184542,2924.27874226969,881.3899889180896,1565.55389963855,1768.1856991424377,903.3311230610484,1465.2609975919029,2919.156743678644,3002.526570515018,118122.62723337904,11.972418794741024,0.3.5,858bd57,K/M host (Teff<5200K),20.0,100.0,30.0,1.0,8.6972718,0628-1116,142,"[(179, 320)]"
SDT,HD 149026 b,3.19,2.87589,0.74,0.38,1626.0,0.043005,6179.0,1.41,1.42,247.6229827,38.3475349,8.15,HD 149026 b,6179.0,1.41,1.42,247.6229827,38.3475349,8.15,3.19,1.5589771888499404,78.88137021390916,620.4859215124176,8.841424847190565,124.94210445681752,407.65888214981715,11318.9510335315,860.3512555829659,2278.0208906875723,2537.1483019019925,566.1888512165491,911.4080695830066,1034.3185646757556,1551.6798781693203,1048.0271390444657,2313.706772480383,2527.6292655144644,63566.88877636838,22.247644797409738,0.3.5,858bd57,Quiet FGK host (5200–6500K),20.0,200.0,30.0,1.0,3.19,0328-0705,100,"[(87, 186)]"
SDT,DS Tuc A b,3.1764,8.138268,0.50851994,1.3,850.0,0.082,5428.0,0.964,1.01,354.9154673,-69.196043,8.17,DS Tuc A b,5428.0,0.964,1.01,354.9154673,-69.196043,8.17,3.1764,0.1976165490181395,30.2127726929022,477.3204215447013,4.127828090312982,65.63148820843799,356.83436053293974,21547.790564823354,666.6799035993541,2378.697606944357,2870.9046400403404,527.6879676982356,937.3941750086478,1058.7337357336187,1508.664764596013,1438.5169703732636,2865.8761284594307,2947.724284465974,70709.28863889132,20.000393011947992,0.3.5,858bd57,Quiet FGK host (5200–6500K),20.0,200.0,30.0,1.0,3.1764,0613-0925,105,"[(164, 268)]"
SDT,MASCARA-4 b,3.97,2.8240932,1.515,1.675,2250.0,0.0474,7800.0,1.79,1.75,147.5800667,-66.1139253,8.191,MASCARA-4 b,7800.0,1.79,1.75,147.5800667,-66.1139253,8.191,3.97,4.552174217304815,198.3802150850486,598.8718009890937,13.983864143536234,244.42779815521337,453.9896922348603,5785.813123739142,661.5265193151583,1951.5436889492464,2049.98546097501,550.3056800311861,944.2901366967182,1086.0190516258124,1497.647288067888,594.5917600759105,1539.4190773397008,1883.255095448083,57281.74795115325,24.68872918436531,0.3.5,858bd57,A/F host (6500–10000K),20.0,200.0,30.0,1.0,3.97,0322-0512,52,"[(81, 132)]"
SDT,MASCARA-1 b,4.226,2.14877381,1.597,3.7,2594.3,0.040352,7490.0,2.082,1.9,317.5515264,10.7388967,8.28,MASCARA-1 b,7490.0,2.082,1.9,317.5515264,10.7388967,8.28,4.226,4.193907762354325,182.7672413722551,551.739229416029,13.364747218771386,240.68451378133716,448.3537459304815,5875.797907205255,609.4628790375459,1797.952766074856,1888.6469469498588,544.5230746085094,934.8660587212466,1075.255441603729,1512.74457894805,547.7960374483848,1418.2632978826946,1735.0386400565526,56581.02074619015,24.99448655613588,0.3.5,858bd57,A/F host (6500–10000K),20.0,200.0,30.0,1.0,4.226,0608-1025,140,"[(159, 298)]"
SDT,HD 202772 A b,5.6304,3.308958,1.545,1.017,2132.0,0.05208,6272.0,2.591,1.72,319.6995877,-26.6163743,8.324,HD 202772 A b,6272.0,2.591,1.72,319.6995877,-26.6163743,8.324,5.6304,1.3281274735740742,67.2008004245048,528.6058097710181,10.081129390355272,149.75489671180867,496.62831937078624,9443.521336698834,732.9524432019599,1940.6968568473824,2161.4532838505775,693.3923925580001,1117.034706042029,1267.816665487058,1266.042634775472,892.8377184550131,1971.0984562849671,2153.3438042259563,77672.09685143089,18.20748530940481,0.3.5,858bd57,Quiet FGK host (5200–6500K),20.0,200.0,30.0,1.0,5.6304,0526-1017,145,"[(146, 290)]"
SDT,KELT-24 b,4.3032,5.55149296,1.134,4.59,1391.0,0.0665,6426.0,1.338,1.268,161.9090273,71.655727,8.34,KELT-24 b,6426.0,1.338,1.268,161.9090273,71.655727,8.34,4.3032,1.308698969936007,66.21775397639918,520.8731033082851,8.68976215642442,129.6720683521513,430.7000888189956,10906.07700135164,722.2304534136166,1912.3073861874775,2129.8344793123388,601.6577249842558,969.3279041042706,1100.1840538869926,1458.9630159052642,879.7768480142217,1942.2642560362024,2121.843629154787,67380.98513284868,20.988318285712577,0.3.5,858bd57,Quiet FGK host (5200–6500K),20.0,200.0,30.0,1.0,4.3032,1204-0315,102,"[(338, 74)]"
SDT,HD 332231 b,6.1681657,18.712024,0.80944319,0.23314467,798.3,0.145,6128.0,1.266,1.1642,306.741134,33.7443882,8.558,HD 332231 b,6128.0,1.266,1.1642,306.741134,33.7443882,8.558,6.1681657,1.0706308678806526,54.17194713030637,426.12001343434,8.577447064135642,137.27299130314955,461.8546169700942,10302.198188790017,590.8480367993776,1564.4356445306855,1742.391939943078,650.2593123930892,1048.859748285401,1190.6538912465055,1348.3342884355584,719.7348450399018,1588.9429990116753,1735.8547216554357,72576.30403781153,19.485885663677557,0.3.5,858bd57,Quiet FGK host (5200–6500K),20.0,200.0,30.0,1.0,6.1681657,0617-1012,118,"[(168, 285)]"
SDT,KELT-7 b,3.3581,2.73477,1.6,1.39,1928.0,0.04415,6768.0,1.81,1.76,78.2955912,33.3179532,8.56,KELT-7 b,6768.0,1.81,1.76,78.2955912,33.3179532,8.56,3.3581,3.240551103653333,141.2206989998409,426.3181906054274,9.342475361616774,184.9216490857163,347.77179690939613,7647.636549669574,470.9201339688402,1389.2431952651502,1459.3208280084225,425.3714012790509,731.7500645173177,841.8561535045743,1932.645627173192,423.27136272872343,1095.864514827756,1340.630671562543,43917.230007120976,32.201793285773874,0.3.5,858bd57,A/F host (6500–10000K),20.0,200.0,30.0,1.0,3.3581,1005-0218,137,"[(278, 49)]"
SDT,KELT-2 A b,5.2035,4.11379,1.35,1.7,2080.0,0.054965,6327.0,1.93,1.54,92.6640226,30.9571333,8.68,KELT-2 A b,6327.0,1.93,1.54,92.6640226,30.9571333,8.68,5.2035,0.9568409654347064,48.41438795263499,380.8306833639837,7.067343724385163,117.02532773452872,398.51048716903864,12084.679357456964,528.0509117726456,1398.1626696756844,1557.205229175808,563.9045521655506,910.265543482918,1033.4373447883083,1553.627479913101,643.239238327049,1420.0653080409134,1551.362806315362,62799.78781180429,22.519400330000312,0.3.5,858bd57,Quiet FGK host (5200–6500K),20.0,200.0,30.0,1.0,5.2035,1017-0303,138,"[(290, 62)]"
SDT,HAT-P-2 b,4.248,5.63341,0.951,8.62,1516.0,0.0677,6290.0,1.416,1.298,245.1514324,41.0479601,8.72,HAT-P-2 b,6290.0,1.416,1.298,245.1514324,41.0479601,8.72,4.248,0.922231093478354,46.66319226974049,367.05566571275926,6.1616696297306195,103.10982438727882,352.71714554171,13715.60441283783,508.9507947175784,1347.5897607810043,1500.879595618666,499.9838097246315,807.3005985083339,916.5754613689002,1751.780644020538,619.9726470333885,1368.7001593313516,1495.2484988974843,55638.21869737432,25.41802371613013,0.3.5,858bd57,Quiet FGK host (5200–6500K),20.0,200.0,30.0,1.0,4.248,0326-0626,93,"[(85, 177)]"
SDT,HD 152843 c,6.5,19.502104,0.52993222,0.03042522,,0.1482,6310.0,1.43,1.15,253.7848853,20.491524,8.855,HD 152843 c,6310.0,1.43,1.15,253.7848853,20.491524,8.855,6.5,0.8144037421917634,41.207327182774485,324.13948072569127,6.754929800254736,117.0266645800267,406.7440133214821,12084.541309010898,449.44421711714546,1190.0294317555586,1325.3966038391784,580.2447703580965,937.8146445448156,1064.9070586503174,1507.9883542013868,547.485383404475,1208.6716004051957,1320.4238955073895,64388.845310596145,21.963642235720684,0.3.5,858bd57,Quiet FGK host (5200–6500K),20.0,200.0,30.0,1.0,6.5,0328-0804,130,"[(87, 216)]"
SDT,TOI-1518 b,2.3653693,1.902603,1.875,2.3,2492.0,0.0389,7300.0,1.95,1.79,352.2675207,67.0348062,8.952,TOI-1518 b,7300.0,1.95,1.79,352.2675207,67.0348062,8.952,2.3653693,2.258493654450807,98.42339847955944,297.12135296179224,5.551132839978003,125.54099427663144,239.11437296224335,11264.954292594291,328.2065612613551,968.2294278457886,1017.0698515290268,296.31197860830105,511.64850585692824,588.9270966298337,2764.0334061066337,294.9978742059775,763.7599203684923,934.3490560209464,30232.34237857589,46.778167059105414,0.3.5,858bd57,A/F host (6500–10000K),20.0,200.0,30.0,1.0,2.3653693,0916-1218,94,"[(259, 352)]"
SDT,TOI-622 b,3.907,6.402513,0.824,0.303,1388.0,0.0708,6400.0,1.415,1.313,125.3050544,-46.4842959,8.995,TOI-622 b,6400.0,1.415,1.313,125.3050544,-46.4842959,8.995,3.907,0.7158792271778988,36.22216845207636,284.9259021517547,4.618695132584297,83.03586974048133,292.93525629387796,17031.357253113027,395.071586905402,1046.0626662046045,1165.0534585058278,420.9635537509883,681.1616567247552,773.6008630722736,2076.1790514943104,481.25197964832614,1062.4495522101938,1160.682335912553,46561.72625630531,30.372876524988907,0.3.5,858bd57,Quiet FGK host (5200–6500K),20.0,200.0,30.0,1.0,3.907,0110-0402,83,"[(10, 92)]"
SDT,TOI-2145 b,7.4683854,10.261127,1.10795061,5.55960374,1363.43,0.111,6200.0,2.7505,1.7169,263.7580753,40.6950428,9.07,TOI-2145 b,6200.0,2.7505,1.7169,263.7580753,40.6950428,9.07,7.4683854,0.6680973676149984,33.80449449209327,265.90832359158696,5.96910955855711,109.21146482110632,389.15662393843235,12949.31410992102,368.70225760215766,976.2424821386116,1087.2911508089696,561.6243443377051,909.3810647997066,1032.8925997554622,1555.138563045162,449.1304797738652,991.5356139799984,1083.211781849485,62001.67781666066,22.80927891265997,0.3.5,858bd57,Quiet FGK host (5200–6500K),20.0,200.0,30.0,1.0,7.4683854,0501-0721,82,"[(121, 202)]"
SDT,TOI-778 b,3.76,4.633611,1.37,2.8,1561.0,0.06,6643.0,1.71,1.4,199.3338503,-15.2737046,9.109,TOI-778 b,6643.0,1.71,1.4,199.3338503,-15.2737046,9.109,3.76,1.5853286091764514,59.77182096799595,254.02487129057656,6.248218890311228,116.79490682733442,279.3948050656891,12108.520831852882,315.24236487123164,893.4288941949023,938.4037074107428,368.0857590241049,613.5226373255794,702.1457377658608,2305.071526843453,322.7874042370507,787.2356861379315,910.2456715193232,38737.476254739944,36.50763289464555,0.3.5,858bd57,A/F host (6500–10000K),20.0,200.0,30.0,1.0,3.76,0203-0625,143,"[(34, 176)]"
SDT,KELT-17 b,3.4752,3.0801716,1.525,1.31,2087.0,0.04881,7454.0,1.645,1.635,125.617407,13.7353093,9.234,KELT-17 b,7454.0,1.645,1.635,125.617407,13.7353093,9.234,3.4752,1.7418825749689606,75.90988907270595,229.1573883129637,5.233544355688029,130.02053449351587,250.04497748308864,10876.847783175526,253.13212145847513,746.7552391006643,784.4238341840635,313.65322926835324,543.5519255055019,625.9497762406249,2601.8002991303547,227.519637134969,589.0563801796748,720.6247121457357,31649.242172577597,44.683962878531005,0.3.5,858bd57,A/F host (6500–10000K),20.0,200.0,30.0,1.0,3.4752,1118-0404,138,"[(322, 94)]"
SDT,TOI-4603 b,2.854,7.24599,1.042,12.89,1677.0,0.0888,6264.0,2.738,1.765,83.8659288,21.2942417,9.24,TOI-4603 b,6264.0,2.738,1.765,83.8659288,21.2942417,9.24,2.854,0.5712678200134648,28.905097986082477,227.36935618213425,3.165525437188278,60.14175947335846,219.48726931773507,23514.66892150972,315.26502744103766,834.7524501806442,929.7064702708274,320.12498898495204,519.2335369012935,589.9016782596078,2723.656046589182,384.03652299655846,847.8290981539708,926.2183376639972,35172.83069191379,40.207556075326686,0.3.5,858bd57,Quiet FGK host (5200–6500K),20.0,200.0,30.0,1.0,2.854,1008-0223,139,"[(281, 54)]"
SDT,WASP-18 b,2.21,0.94145223,1.24,10.2,2429.0,0.02024,6432.0,1.319,1.294,24.3544618,-45.6777937,9.28,WASP-18 b,6432.0,1.319,1.294,24.3544618,-45.6777937,9.28,2.21,0.5506045051913742,27.85957236968118,219.14518457103816,2.686703611391174,51.476875785264966,188.97066174995868,27472.793187225783,303.8615835812808,804.5586390253306,896.0780794980232,276.3559418460669,448.439061338895,509.50462523020406,3153.6359882448864,370.14554699571886,817.1622918737364,892.7161160533109,30326.872276679347,46.63235791251023,0.3.5,858bd57,Quiet FGK host (5200–6500K),20.0,200.0,30.0,1.0,2.21,0724-1118,118,"[(205, 322)]"
SDT,WASP-166 b,3.6,5.44354,0.63,0.101,1270.0,0.0641,6050.0,1.22,1.19,144.8751047,-20.9824191,9.351,WASP-166 b,6050.0,1.22,1.19,144.8751047,-20.9824191,9.351,3.6,0.5157506222081387,26.09603017890606,205.27304849630025,3.215806910629698,62.52155065375592,231.9549289149409,22619.617517246235,284.62680439333803,753.6291744217067,839.3553316232828,340.9003624936858,553.6289099007072,629.0936720136638,2554.4431244147513,346.7149185498612,765.4350019029062,836.2061842369048,37325.50102135591,37.888669238865624,0.3.5,858bd57,Quiet FGK host (5200–6500K),20.0,200.0,30.0,1.0,3.6,1222-0502,132,"[(356, 122)]"
SDT,HD 89345 b,5.7336,11.8143,0.66,0.11,1089.0,0.1066,5576.0,1.747,1.157,154.6710977,10.1288464,9.38,HD 89345 b,5576.0,1.747,1.157,154.6710977,10.1288464,9.38,5.7336,0.0648370595741093,9.912668512437746,156.60658361558566,1.8494500248744512,36.144445637866895,252.6477838709169,39126.71884754232,218.73453838405516,780.4394885778805,941.9302993738452,399.2406765894037,717.3498943213101,811.1706426843105,1971.44179370249,471.97064704281,940.2804683927836,967.1344631285187,52641.20377455473,26.86514480994232,0.3.5,858bd57,Quiet FGK host (5200–6500K),20.0,200.0,30.0,1.0,5.7336,1216-0503,139,"[(350, 123)]"
SDT,WASP-38 b,4.7339,6.87188,1.23,3.44,1250.0,0.07582,6180.0,1.52,1.76,243.9597194,10.0324103,9.391,WASP-38 b,6180.0,1.52,1.76,243.9597194,10.0324103,9.391,4.7339,0.4970954186363277,25.152111287796806,197.84812190850585,3.556513439209162,69.78691897530233,260.1658102523042,20264.73704726221,274.33157497564304,726.3696713574155,808.9950297520461,383.4713404443113,623.0673804298759,708.0472964691343,2269.760232669186,334.1739014217785,737.7484705316932,805.9597901013856,41930.913970629466,33.72722958921625,0.3.5,858bd57,Quiet FGK host (5200–6500K),20.0,200.0,30.0,1.0,4.7339,0315-0729,137,"[(74, 210)]"
SDT,TOI-1333 b,4.6416,4.720219,1.396,2.37,1679.0,0.0626,6274.0,1.925,1.464,325.0145363,48.4067674,9.438,TOI-1333 b,6274.0,1.925,1.464,325.0145363,48.4067674,9.438,4.6416,0.476035959777326,24.08654151381765,189.466281667264,3.3749006273803097,66.93378857044733,250.9686615810124,21128.54497821598,262.70951148374166,695.5970035015303,774.7219366848494,371.21580661604906,603.5117647752927,685.8837133628471,2343.307363526962,320.0166163917738,706.4937395867273,771.8152850318927,40525.377158596886,34.896987061675986,0.3.5,858bd57,Quiet FGK host (5200–6500K),20.0,200.0,30.0,1.0,4.6416,0727-1108,105,"[(208, 312)]"
SDT,HAT-P-11 b,2.36386,4.887802706,0.42019806,0.081,801.0,0.053,4653.0,0.74,0.81,297.7101763,48.0818635,9.46,HAT-P-11 b,4653.0,0.74,0.81,297.7101763,48.0818635,9.46,2.36386,0.0016181187832464,0.3298353310220928,22.441160487154168,0.008412668245345,0.8208730355523056,40.10410678070456,1722816.441913668,78.29614072331984,941.7890075119384,2114.072052369422,142.02794643912003,545.2078546087316,660.013645992786,2593.8979976508326,1253.8980339490336,3028.9138287028427,4114.895193102518,63221.8055884357,22.3690789785317,0.3.5,858bd57,K/M host (Teff<5200K),20.0,100.0,30.0,594.0,1404.13284,0714-0915,64,"[(195, 258)]"
SDT,HAT-P-70 b,3.48,2.74432452,1.87,6.78,2562.0,0.04739,8450.0,1.858,1.89,74.5523332,9.9979794,9.47,HAT-P-70 b,8450.0,1.858,1.89,74.5523332,9.9979794,9.47,3.48,1.4015831725058376,61.07990554586341,184.38851385866764,4.237893770901352,113.54931653955558,220.3967669624406,12454.61976761829,203.6794712543839,600.8668966234507,631.1764420311079,279.891263842477,486.87777015314646,560.9681902131904,2904.6583127593954,183.07071866121012,473.9765596034769,579.8413077605557,27927.020365013912,50.63961510712318,0.3.5,858bd57,A/F host (6500–10000K),20.0,200.0,30.0,1.0,3.48,0929-0212,137,"[(272, 43)]"
SDT,WASP-99 b,5.3315799,5.75251,1.02,2.43,1424.235,0.0717,6150.0,1.64,1.21,39.8976689,-50.0081934,9.475,WASP-99 b,6150.0,1.64,1.21,39.8976689,-50.0081934,9.475,5.3315799,0.4600867863896319,23.27954275873732,183.1183776584022,3.4977748486393225,69.90065795548273,263.4673831159478,20231.7632442567,253.9076563650432,672.2916271135869,748.7655477994033,390.8127476272239,635.6790621493819,722.4924259672335,2224.728871187456,309.2947362544769,682.8232774744536,745.9562809978187,42608.830282566014,33.19062159168777,0.3.5,858bd57,Quiet FGK host (5200–6500K),20.0,200.0,30.0,1.0,5.3315799,0815-1117,95,"[(227, 321)]"
SDT,TIC 393818343 b,4.1506,16.24921,1.087,4.34,805.5,0.1291,5756.0,1.086,1.082,310.2917002,3.6382967,9.48,TIC 393818343 b,5756.0,1.086,1.082,310.2917002,3.6382967,9.48,4.1506,0.2460267047598847,16.31425921589699,159.5153288500038,2.1935396119444865,47.27158323835898,222.14078851953977,29916.78013495258,213.94368199588803,685.1514921300804,790.7939712342379,348.581269664231,569.9850524414969,645.0007818581512,2481.1414901415324,355.9976803711663,746.651596523682,796.1246558516068,39522.30580079041,35.782668387349304,0.3.5,858bd57,Quiet FGK host (5200–6500K),20.0,200.0,30.0,1.0,4.1506,0527-1016,143,"[(147, 289)]"
SDT,WASP-7 b,3.7071,4.9546416,1.33,0.96,1487.0,0.0617,6400.0,1.432,1.276,311.0427558,-39.2254856,9.504,WASP-7 b,6400.0,1.432,1.276,311.0427558,-39.2254856,9.504,3.7071,0.4479605411177012,22.665977114902933,178.29203091910824,2.8409344926984863,57.108739374001715,216.1436312053142,24763.52267402534,247.21555694253084,654.5724197687778,729.0307609018334,321.34685323518005,522.8925857639464,594.3367796613904,2704.5967008825114,301.14283112681545,664.8264934220058,726.2955363446209,34998.3095372525,40.40805344806138,0.3.5,858bd57,Quiet FGK host (5200–6500K),20.0,200.0,30.0,1.0,3.7071,0516-1005,143,"[(136, 278)]"
SDT,WASP-76 b,3.8,1.80988198,1.854,0.894,2228.0,0.033,6329.0,1.756,1.458,26.632936,2.700389,9.518,WASP-76 b,6329.0,1.756,1.458,26.632936,2.700389,9.518,3.8,0.4422214055316616,22.375587440116117,176.00780709706794,2.8400186709315456,57.25091124117802,217.11643495145609,24702.027124345834,244.04830565577367,646.1862349977671,719.690638281279,323.15364749648774,525.9333589060426,597.8097723502291,2688.959615177677,297.2846798390071,656.3089365465273,716.990456597604,35176.88774626586,40.2029188191391,0.3.5,858bd57,Quiet FGK host (5200–6500K),20.0,200.0,30.0,1.0,3.8,0809-1227,141,"[(221, 361)]"
SDT,TOI-1135 b,4.339,8.0277283,0.83243188,0.162,1074.28,0.082337403,5962.7,1.15,1.156039,193.3963704,85.1294952,9.54,TOI-1135 b,5962.7,1.15,1.156039,193.3963704,85.1294952,9.54,4.339,0.4333509575980249,21.92675913626352,172.4772948485912,2.974789030236837,60.225632409109835,229.1404900403936,23481.9213315422,239.1529800077328,633.2244894077064,705.2544797069903,341.6560971150896,556.2162116882479,632.259503504932,2542.560847122061,291.3214943373704,643.1441413168227,702.6084605327208,37160.33783034437,38.05706957858379,0.3.5,858bd57,Quiet FGK host (5200–6500K),20.0,200.0,30.0,1.0,4.339,1207-0130,55,"[(341, 30)]"
SDT,TOI-2497 b,7.838,10.655669,0.994,4.82,1595.0,0.1166,7360.0,2.36,1.859,90.0625878,11.8840577,9.547,TOI-2497 b,7360.0,2.36,1.859,90.0625878,11.8840577,9.547,7.838,1.305626254728898,56.89817763327086,171.7646797470501,5.934173159892412,162.84799086090445,317.11340438596096,8684.255512744008,189.7349157978107,559.7296052195463,587.9640611044467,404.5265160131638,704.6728759031769,812.0600087894715,2006.9079011456236,170.53710507156364,441.5265911319283,540.143496182969,40197.95497420527,35.18123156465511,0.3.5,858bd57,A/F host (6500–10000K),20.0,200.0,30.0,1.0,7.838,1015-0228,137,"[(288, 59)]"
SDT,HD 2685 b,4.405,4.12688,1.44,1.17,2061.0,0.0568,6801.0,1.56,1.43,7.3289156,-76.304032,9.595,HD 2685 b,6801.0,1.56,1.43,7.3289156,-76.304032,9.595,4.405,1.249162317368297,54.43752311887123,164.33643595762442,4.260315958232059,118.73183109043424,231.5202211403364,11910.989238395,181.52951983405455,535.5231853091618,562.5365960881436,296.2025971611881,516.4522101585596,595.2301287010428,2738.324155760525,163.16194975162227,422.4320534000033,516.7841095102922,29355.408572152992,48.17557074353381,0.3.5,858bd57,A/F host (6500–10000K),20.0,200.0,30.0,1.0,4.405,0618-0903,78,"[(169, 246)]"
SDT,TOI-1789 b,2.3,3.208664,1.44,0.7,1927.0,0.04882,5991.0,2.168,1.507,142.743406,26.5399951,9.721,TOI-1789 b,5991.0,2.168,1.507,142.743406,26.5399951,9.721,2.3,0.3668088121895412,18.559849315943108,145.99296607938402,1.8374589885291557,38.489443078561514,150.4122383413159,36742.894915016506,202.43042963250488,535.9912531321199,596.9608546074508,227.79941627885316,371.877209801057,422.8889789803776,3802.9046284650153,246.5883354578747,544.3877171766089,594.7211384297726,24596.063294625907,57.497557451890785,0.3.5,858bd57,Quiet FGK host (5200–6500K),20.0,200.0,30.0,1.0,2.3,1130-0416,138,"[(334, 106)]"
SDT,HAT-P-60 b,5.035,4.7947813,1.631,0.574,1772.0,0.06277,6212.0,2.197,1.435,28.2825719,52.0539209,9.727,HAT-P-60 b,6212.0,2.197,1.435,28.2825719,52.0539209,9.727,5.035,0.3647873424542686,18.457566675950225,145.1884042676583,2.7038568352521573,56.700295903557546,221.7728661208428,24941.907971319128,201.31484305606,533.0374252507506,593.6710255176635,336.05966485619643,548.6635305958297,623.9347777565537,2577.5607152844805,245.22939630310387,541.3876166938592,591.4436523326243,36275.771879680346,38.98507155309515,0.3.5,858bd57,Quiet FGK host (5200–6500K),20.0,200.0,30.0,1.0,5.035,0906-0112,129,"[(249, 12)]"
SDT,WASP-14 b,2.817,2.24375,1.38,8.84,1872.0,0.037,6475.0,1.4,1.62,218.2766247,21.8946875,9.745,WASP-14 b,6475.0,1.4,1.62,218.2766247,21.8946875,9.745,2.817,0.35878952948052,18.154088402477175,142.80122468819258,1.989605918222204,41.85939498971459,164.15823932548687,33784.85433725419,198.00483572585455,524.2732538758536,583.9099198964211,249.16768023023656,406.92180133407055,462.7678172239349,3475.393939908539,241.19734835759252,532.4861519407605,581.7191690560519,26875.147993454637,52.621610222110135,0.3.5,858bd57,Quiet FGK host (5200–6500K),20.0,200.0,30.0,1.0,2.817,0212-0624,133,"[(43, 175)]"
SDT,WASP-74 b,2.292,2.13775,1.36,0.72,1887.5,0.035715,5990.0,1.42,0.98,304.538843,-1.0760033,9.75,WASP-74 b,5990.0,1.42,0.98,304.538843,-1.0760033,9.75,2.292,0.3571410413339131,18.07067794290421,142.14511265905873,1.7865106256599763,37.620519560508384,147.64324252608247,37591.547881163395,197.0950861433137,521.8644370805341,581.2270975101904,224.20450190482285,366.18446252245303,416.44481587589786,3862.02503686617,240.0891472059697,530.0396003064984,579.0464122556197,24177.307886513696,58.49342569533787,0.3.5,858bd57,Quiet FGK host (5200–6500K),20.0,200.0,30.0,1.0,2.292,0520-1009,143,"[(140, 282)]"
SDT,TOI-5108 b,2.2,6.753581,0.58881358,0.10068326,1180.0,0.073,5808.0,1.29,1.1,166.2695041,11.2464069,9.75,TOI-5108 b,5808.0,1.29,1.1,166.2695041,11.2464069,9.75,2.2,0.1918590323645753,12.722350567438127,124.39485652725328,1.2484707163193474,28.018600088304087,138.80207208076348,50474.09784628875,166.83972517660743,534.3017638329799,616.6849499887267,222.62134126603425,365.47842388250024,413.8105513228002,3869.485775247183,277.61771042987226,582.2613970394345,620.8419783630541,25000.4802030233,56.56745594038929,0.3.5,858bd57,Quiet FGK host (5200–6500K),20.0,200.0,30.0,1.0,2.2,1226-0514,140,"[(360, 134)]"
SDT,HAT-P-22 b,2.7617,3.21222,1.15,2.47,1288.0,0.04141,5302.0,1.11,1.13,155.6814593,50.1287115,9.763,HAT-P-22 b,5302.0,1.11,1.13,155.6814593,50.1287115,9.763,2.7617,0.0455641539885939,6.966114094399143,110.0550601517031,0.904197918842194,18.40847249773284,140.36350481369314,76824.05819099156,153.71539448304804,548.4527717623682,661.9402158134012,229.87078516791232,415.89638540720614,470.6372973176632,3400.3987819909325,331.6767197836074,660.780799372094,679.652407051177,30026.41848069164,47.09897596619787,0.3.5,858bd57,Quiet FGK host (5200–6500K),20.0,200.0,30.0,2.0,5.5234,1205-0411,128,"[(339, 101)]"
SDT,HAT-P-69 b,5.1264,4.7869491,1.676,3.58,1930.0,0.06555,7394.0,1.926,1.648,130.5056385,3.7105662,9.774,HAT-P-69 b,7394.0,1.926,1.648,130.5056385,3.7105662,9.774,5.1264,1.0592997619561313,46.16346048829763,139.35862863473264,3.909882834502301,114.91775763901782,225.9623980484465,12306.310107576706,153.93850300683522,454.1279982853744,477.0355894045849,292.5073244239373,511.9435797376964,590.3375662597126,2762.4402733943716,138.3626548200086,358.2258025138055,438.2371102422252,28679.49539032794,49.31096391779731,0.3.5,858bd57,A/F host (6500–10000K),20.0,200.0,30.0,1.0,5.1264,1126-0411,137,"[(330, 101)]"
SDT,WASP-8 b,4.288,8.15872,1.13,2.54,1004.5,0.0801,5600.0,1.03,1.34,359.9008737,-35.0313349,9.789,WASP-8 b,5600.0,1.03,1.34,359.9008737,-35.0313349,9.789,4.288,0.1327381499691312,10.162802878771023,116.10976630281304,1.4214992101531427,32.89276227161601,182.15628243434887,42994.67313493023,159.2292236525625,520.9012033867034,609.095945727586,291.5039339263113,504.3425139633499,570.868860505368,2804.073666642874,283.5889444081613,584.0433825620862,615.2281735688782,34945.72406965023,40.46885849480269,0.3.5,858bd57,Quiet FGK host (5200–6500K),20.0,200.0,30.0,1.0,4.288,0701-1113,136,"[(182, 317)]"
SDT,LTT 9779 b,0.466,0.792052,0.4210902,0.09225057,1978.0,0.01679,5443.0,0.949,1.02,358.6688767,-37.6282237,9.79,LTT 9779 b,5443.0,0.949,1.02,358.6688767,-37.6282237,9.79,0.466,0.0444450409758619,6.795017558004126,107.3519692534588,0.3623507166386006,7.395471696463671,56.73403533745233,191226.95893073815,149.9399507808283,534.9820808788761,645.6821303598049,93.17715218060673,168.6792057138771,190.89285213589395,8384.042101620762,323.53032177909256,644.5511906466504,662.9592878712185,12161.731613254433,116.28389832512158,0.3.5,858bd57,Quiet FGK host (5200–6500K),20.0,200.0,30.0,8.0,3.728,0629-1110,135,"[(180, 314)]"
SDT,KOI-13 b,3.18137,1.763588,1.512,9.28,2550.0,0.03641,7650.0,1.74,1.72,286.9713876,46.8682463,9.791,KOI-13 b,7650.0,1.74,1.72,286.9713876,46.8682463,9.791,3.18137,1.0428428664187042,45.44628176874505,137.1936037040692,3.033090530796093,89.55745009904945,176.30083744119008,15791.132516714046,151.54697045471494,447.0728309976915,469.6245381191876,228.49195455050477,400.0602897029338,461.34612582515194,3535.0010955179396,136.2131029760158,352.6605368331126,431.42881800720926,22378.62010898984,63.19485095530906,0.3.5,858bd57,A/F host (6500–10000K),20.0,200.0,30.0,1.0,3.18137,0704-0817,45,"[(185, 229)]"
SDT,HD 219666 b,2.158,6.034468,0.437,0.055,1076.0,0.06356,5540.0,1.059,1.02,349.5592665,-56.9039857,9.809,HD 219666 b,5540.0,1.059,1.02,349.5592665,-56.9039857,9.809,2.158,0.0436740343088951,6.677141553744771,105.48968985874774,0.7663088868797354,15.667146720538092,120.70432862513256,90266.18487712252,147.33887990411378,525.701523543145,634.4812130849366,198.64157639582393,359.7511028586813,407.14545191201057,3931.088886553411,317.9179063198947,633.3698922547808,651.4586565374799,25912.974463863167,54.57550094626462,0.3.5,858bd57,Quiet FGK host (5200–6500K),20.0,200.0,30.0,2.0,4.316,0614-1015,124,"[(165, 288)]"
SDT,TOI-1842 b,4.3070829,9.5739181,1.10166148,0.28128386,1199.55,0.1,6039.0,2.032,1.4643,201.9626552,9.0306437,9.815,TOI-1842 b,6039.0,2.032,1.4643,201.9626552,9.0306437,9.815,4.3070829,0.3363874313237497,17.0205835565364,133.8850028101358,2.3083441748272304,49.207623972357545,194.97043779044787,28739.72462412596,185.641811164162,491.53868408140823,547.4517563620201,297.719766920233,486.7990931302623,553.7058762745031,2905.127766938273,226.13746999134585,499.2387852738201,545.3977916074491,32010.87637285587,44.17915791809749,0.3.5,858bd57,Quiet FGK host (5200–6500K),20.0,200.0,30.0,1.0,4.3070829,0129-0617,140,"[(29, 168)]"
SDT,KELT-3 b,3.0391,2.70339,1.56,1.94,1803.0,0.041225,6304.0,1.7,1.96,148.6431193,40.3879446,9.816,KELT-3 b,6304.0,1.7,1.96,148.6431193,40.3879446,9.816,3.0391,0.3360777496853698,17.004914236843845,133.76174693561762,1.9372518371934635,41.304866270696735,163.68177659986105,34238.424913540824,185.4709074535005,491.0861686458155,546.947766792086,249.96290140219455,408.71948356800266,464.89604368617626,3460.1080184076877,225.92928557158191,498.7791810479489,544.8956929380397,26874.80926618656,52.62227345934824,0.3.5,858bd57,Quiet FGK host (5200–6500K),20.0,200.0,30.0,1.0,3.0391,1202-0414,134,"[(336, 104)]"
SDT,TOI-677 b,2.535,11.2365985,1.17,1.234,971.0,0.1041,6295.0,1.28,1.181,144.1193594,-50.4630933,9.822,TOI-677 b,6295.0,1.28,1.181,144.1193594,-50.4630933,9.822,2.535,0.3342256376937516,16.911200786298593,133.0245909181449,1.7596662867979729,37.56163053274095,148.97733411923036,37650.48381327277,184.44878417365663,488.37981101661126,543.9335579710236,227.62179792071692,372.22876469326457,423.3965212824345,3799.312940090697,224.6841976731518,496.03042751322874,541.8927930197424,24466.002917357106,57.803212365751776,0.3.5,858bd57,Quiet FGK host (5200–6500K),20.0,200.0,30.0,1.0,2.535,0128-0505,98,"[(28, 125)]"
SDT,K2-232 b,5.19208,11.168454,1.0,0.398,1030.0,0.10356,6154.0,1.161,1.188,73.7667927,18.654323,9.822,K2-232 b,6154.0,1.161,1.188,73.7667927,18.654323,9.822,5.19208,0.3342256376937516,16.911200786298593,133.0245909181449,2.518326406721413,53.755900627182385,213.2072185107962,26308.061922005625,184.44878417365663,488.37981101661126,543.9335579710236,325.7583490402796,532.7109659946344,605.9391192859489,2654.748358206952,224.6841976731518,496.03042751322874,541.8927930197424,35014.242004840635,40.38966664414964,0.3.5,858bd57,Quiet FGK host (5200–6500K),20.0,200.0,30.0,1.0,5.19208,0929-0213,138,"[(272, 44)]"
SDT,HAT-P-1 b,2.85,4.46529976,1.319,0.525,1322.0,0.05561,5980.0,1.174,1.151,344.4453632,38.674919,9.827,HAT-P-1 b,5980.0,1.174,1.151,344.4453632,38.674919,9.827,2.85,0.3326900103781298,16.83350087660107,132.41339844089248,1.8573201432720048,39.683704817509415,157.50905321626988,35637.13541557011,183.60131899036088,486.135909611051,541.434410283649,240.75860955298327,393.7464646984246,447.878024166791,3591.685739848507,223.6518675571372,493.75137471786303,539.4030217956027,25872.00331090802,54.66192723378486,0.3.5,858bd57,Quiet FGK host (5200–6500K),20.0,200.0,30.0,1.0,2.85,0725-1129,128,"[(206, 333)]"
SDT,XO-3 b,2.872,3.19154,1.41,7.29,1677.5,0.045395,6429.0,1.54,0.58,65.4695814,57.8172095,9.854,XO-3 b,6429.0,1.54,0.58,65.4695814,57.8172095,9.854,2.872,0.3245187246803135,16.420048892272437,129.1611585926038,1.8191940284582024,39.04916178929575,155.67558860561846,36216.2335264457,179.09183933913545,474.1957993538034,528.1360991981195,238.5026248666561,390.2474959338238,443.93010824001345,3623.888883614798,218.15869598705484,481.6242190454592,526.1546041699946,25597.061317860283,55.249059445207926,0.3.5,858bd57,Quiet FGK host (5200–6500K),20.0,200.0,30.0,1.0,2.872,1003-0208,129,"[(276, 39)]"
SDT,KELT-19 A b,4.3944,4.6117093,1.91,4.07,1935.0,0.0637,7500.0,1.83,1.62,111.5095293,7.6157759,9.857,KELT-19 A b,7500.0,1.83,1.62,111.5095293,7.6157759,9.857,4.3944,0.9813385840854878,42.7659729370811,129.10226568158845,3.3579952503253674,100.86581224168933,199.5575045863658,14020.742320345684,142.6091065082514,420.70558574278425,441.92724918602255,259.86099358336213,455.6960362070497,525.6174097793365,3103.4142279230496,128.1795924513758,331.8614942125738,405.98421778615585,25340.770901783293,55.80783504394389,0.3.5,858bd57,A/F host (6500–10000K),20.0,200.0,30.0,1.0,4.3944,1106-0322,137,"[(310, 81)]"
SDT,TOI-2005 b,2.249,17.305904,1.07,6.4,1221.39,0.16,7130.0,2.02,1.59,164.031654,-43.3766967,9.867,TOI-2005 b,7130.0,2.02,1.59,164.031654,-43.3766967,9.867,2.249,0.9723416178677436,42.37389214047975,127.9186489953517,2.380626210963519,71.69518032592659,141.94698083394405,19725.364465841,141.3016583609913,416.848533748776,437.8756358120997,184.97721782685323,324.45809147846535,374.2550531120473,4358.69407950012,127.00443488415964,328.8189697456661,402.26213210482786,18026.21709455242,78.45315270281944,0.3.5,858bd57,A/F host (6500–10000K),20.0,200.0,30.0,1.0,2.249,0127-0530,124,"[(27, 150)]"
SDT,WASP-69 b,2.1869,3.86813881,1.0,0.26,971.0,0.0453,4792.0,0.801,0.83,315.0259661,-5.094857,9.873,WASP-69 b,4792.0,0.801,0.83,315.0259661,-5.094857,9.873,2.1869,0.0411740237723947,6.294925335293286,99.45119718656264,0.7274929137754317,14.957684997495443,116.9018707534908,94547.62301852828,138.90483532762218,495.609058564601,598.1619276554061,193.73558152686385,351.37313963598194,397.7256222935746,4024.819779446438,299.71949327839576,597.1142215983938,614.1675399458909,25224.767276824317,56.064484038765656,0.3.5,858bd57,K/M host (Teff<5200K),20.0,100.0,30.0,2.0,4.3738,0529-1019,144,"[(149, 292)]"
SDT,TOI-6038 A b,5.042,5.8267311,0.57186288,0.24698862,1439.0,0.069,6110.0,1.648,1.291,51.6572691,40.8172704,9.913,TOI-6038 A b,6110.0,1.648,1.291,51.6572691,40.8172704,9.913,5.042,0.3073546306028033,15.551577391215238,122.3297060179409,2.284260829056242,49.426274946529176,199.33357074187396,28612.586400715685,169.6195070971071,449.11514701459936,500.2024947464942,306.96549171233215,502.82514274848745,572.0878059590808,2812.535496222159,206.62008173471096,456.1506707506816,498.3258028144322,32850.72288386207,43.04969383391646,0.3.5,858bd57,Quiet FGK host (5200–6500K),20.0,200.0,30.0,1.0,5.042,0915-0128,136,"[(258, 28)]"
SDT,TOI-421 c,2.755,16.067541,0.45410017,0.04436356,635.0,0.117,5291.0,0.866,0.833,81.8532824,-14.2767404,9.931,TOI-421 c,5291.0,0.866,0.833,81.8532824,-14.2767404,9.931,2.755,0.039032225210613,5.967474656579343,94.27792502158994,0.7742689221703898,15.994134465952984,126.65154554089956,88420.76233531475,131.6792559629768,469.82836793529816,567.0466214748162,211.27563582201265,383.7128775190069,434.39615961767737,3685.603599016672,284.12862503607414,566.0534151999598,582.2196506402292,27458.82090295727,51.50306953714777,0.3.5,858bd57,Quiet FGK host (5200–6500K),20.0,200.0,30.0,2.0,5.51,1010-0213,127,"[(283, 44)]"
SDT,WASP-178 b,3.4704,3.3448285,1.81,1.66,2470.0,0.0558,9360.0,1.67,2.07,227.270329,-42.7049658,9.946,WASP-178 b,9360.0,1.67,2.07,227.270329,-42.7049658,9.946,3.4704,58.26575806114247,209.89373822155463,231.65701708040743,124.70904269573865,241.61383983971945,267.3757715210223,5853.197661654022,118.59924802496296,333.7307313677049,478.4956920233072,203.40672788808843,386.08124053100863,426.3372197474578,3662.994763558088,48.65432409091665,143.99515407826843,224.1601011474088,13265.638907354887,106.60727102929135,0.3.5,858bd57,A/F host (6500–10000K),20.0,200.0,30.0,1.0,3.4704,0310-0728,141,"[(69, 209)]"
SDT,TOI-4551 b,10.474,9.95581,1.058,1.49,1655.0,0.0994,4896.0,3.55,1.31,184.9787579,-25.8278531,9.973,TOI-4551 b,4896.0,3.55,1.31,184.9787579,-25.8278531,9.973,10.474,0.037551155980322,5.741040138723623,90.70056982106723,1.4526736573718015,30.09712398718689,240.657731133503,46988.32895047254,126.6827154577394,452.0008334938949,545.5301617117569,403.4226022393907,733.4461270380626,830.4178729676283,1928.176467553565,273.3474266361582,544.5746424313029,560.1274536112071,52360.46175641726,27.00918813420835,0.3.5,858bd57,K/M host (Teff<5200K),20.0,100.0,30.0,1.0,10.474,0128-0615,139,"[(28, 166)]"
SDT,WASP-136 b,5.52118605,5.215357,1.38,1.51,1706.6,0.0661,6250.0,2.2,1.41,0.325761,-8.9262512,9.974,WASP-136 b,6250.0,2.2,1.41,0.325761,-8.9262512,9.974,5.52118605,0.2905626318398409,14.70193322674232,115.64635048138014,2.261062903898518,49.37365887545626,201.2851154862989,28643.078001174905,160.35252274172984,424.5782107130186,472.8744546367993,311.6877063358877,511.174525165044,581.6912279621781,2766.5963242524363,195.33160968505365,431.2293559686419,471.10029380550463,33253.47065597471,42.52829958724928,0.3.5,858bd57,Quiet FGK host (5200–6500K),20.0,200.0,30.0,1.0,5.52118605,0710-1129,143,"[(191, 333)]"
SDT,KELT-4 A b,3.46272,2.9895932,1.699,0.902,1823.0,0.04317,6206.0,1.603,1.201,157.06262,25.5731366,9.98,KELT-4 A b,6206.0,1.603,1.201,157.06262,25.5731366,9.98,3.46272,0.288961351971567,14.620911418977084,115.0090277406939,1.78085764409375,38.92632771834663,158.84511547297132,36330.515752878295,159.46882594676558,422.2383759688963,470.26846108685015,246.10624869329536,403.66859124128393,459.3631255076466,3503.4025263753565,194.25514444158557,428.85286701013786,468.5040775899781,26248.548442644384,53.87778167860552,0.3.5,858bd57,Quiet FGK host (5200–6500K),20.0,200.0,30.0,1.0,3.46272,1213-0429,138,"[(347, 119)]"
SDT,HAT-P-14 b,2.2044,4.62767,1.42,3.44,1596.5,0.06061,6600.0,1.82,2.65,260.1161719,38.2421682,9.988,HAT-P-14 b,6600.0,1.82,2.65,260.1161719,38.2421682,9.988,2.2044,0.7055361925383383,26.600909579718124,113.05147681243086,2.1690940101250145,51.33972700612449,131.86853829899678,27546.18391726915,140.2957699436023,397.6124676394142,417.6281024376223,183.5893190340369,310.50993094030053,356.1115502312536,4554.487381741732,143.65362163182562,350.35213861219256,405.09662264397224,18539.66970585082,76.28040762380962,0.3.5,858bd57,A/F host (6500–10000K),20.0,200.0,30.0,1.0,2.2044,0420-0721,93,"[(110, 202)]"
SDT,WASP-79 b,3.816,3.662392,1.53,0.85,1716.2,0.0519,6600.0,1.51,1.39,66.3709016,-30.6004362,10.044,WASP-79 b,6600.0,1.51,1.39,66.3709016,-30.6004362,10.044,3.816,0.6700686463962229,25.263672740674423,107.36834033738558,2.7124959429439515,65.0805867354661,167.91619829487357,21730.190726790268,133.24305351793436,377.62435265420737,396.6337946330009,234.87903472315864,397.7921304437319,456.3020005151943,3555.1572143862136,136.4321048512645,332.7398165603488,384.7322766223334,23634.503835797328,59.836820446854354,0.3.5,858bd57,A/F host (6500–10000K),20.0,200.0,30.0,1.0,3.816,0924-0113,112,"[(267, 13)]"
SDT,WASP-94 A b,4.466,3.95019,1.58,0.5,1587.0,0.0552,6170.0,1.48,1.67,313.7832393,-34.1357512,10.051,WASP-94 A b,6170.0,1.48,1.67,313.7832393,-34.1357512,10.051,4.466,0.2706697741632925,13.695391320793076,107.72882723907144,1.89563598045396,41.91483698494697,172.98745283091313,33740.16611065401,149.37427033267616,395.51021299838766,440.4999398363196,269.82267344485956,443.22638667642593,504.4904559892522,3190.725112233742,181.9585758348589,401.705999334943,438.84724379452234,28669.85729010706,49.32754104991969,0.3.5,858bd57,Quiet FGK host (5200–6500K),20.0,200.0,30.0,1.0,4.466,0519-1009,144,"[(139, 282)]"
SDT,TOI-5398 b,4.258,10.590547,0.91890603,0.18469085,947.0,0.098,6000.0,1.051,1.146,161.8795569,36.3294345,10.059,TOI-5398 b,6000.0,1.051,1.146,161.8795569,36.3294345,10.059,4.258,0.2686827350769878,13.594850808130449,106.93796911275304,1.8375040897532369,40.681028998088195,168.1103244201435,34763.465851356814,148.27768496566648,392.6066961402904,437.2661447046858,262.41844370676995,431.13825644712745,490.744138838844,3280.185743726797,180.62278278818468,398.7569980127632,435.62558142371495,27870.979486111333,50.741437453887336,0.3.5,858bd57,Quiet FGK host (5200–6500K),20.0,200.0,30.0,1.0,4.258,1214-0426,134,"[(348, 116)]"
SDT,WASP-131 b,3.845,5.3220125,1.226,0.273,1446.285,0.0608,5990.0,1.561,1.06,210.1935714,-30.5836084,10.068,WASP-131 b,5990.0,1.561,1.06,210.1935714,-30.5836084,10.068,3.845,0.2664647470703794,13.482624706086998,106.05519139026494,1.7318371041768508,38.39611494338418,158.89680943160948,36832.204624305894,147.0536460380917,389.3657102872032,433.6564931043589,248.25337573901743,407.9457148850733,464.35876114466095,3466.6709583443194,179.13173363004054,395.4652411423784,432.02947274671817,26353.540385152668,53.663133746153115,0.3.5,858bd57,Quiet FGK host (5200–6500K),20.0,200.0,30.0,1.0,3.845,0219-0710,142,"[(50, 191)]"
SDT,WASP-82 b,4.9848,2.70579,1.62,1.17,2190.0,0.04475,6480.0,2.1,1.48,72.6605916,1.8938365,10.073,WASP-82 b,6480.0,2.1,1.48,72.6605916,1.8938365,10.073,4.9848,0.2652404527670607,13.420677672556575,105.56791204812302,1.962913517344915,43.55345486488699,180.3840455167722,32470.75500118915,146.37799590761077,387.57673735080834,431.6640225057451,281.96167673886026,463.38801200871035,527.4765603135266,3051.899327828343,178.30869807491348,393.64824340735254,430.0444776276083,29923.63905718668,47.26074792141457,0.3.5,858bd57,Quiet FGK host (5200–6500K),20.0,200.0,30.0,1.0,4.9848,0927-0209,136,"[(270, 40)]"
SDT,WASP-95 b,2.82464,2.18467,1.23,1.44,1559.72,0.034155,5830.0,1.23,1.46,337.4578243,-48.0030988,10.092,WASP-95 b,5830.0,1.23,1.46,337.4578243,-48.0030988,10.092,2.82464,0.1400174776549858,9.28468894240119,90.78255961962098,1.0348665017691527,24.30514977464706,128.500776761967,58185.75797661923,121.75854951404864,389.92996241294975,450.05267743211834,213.13608294213097,352.20785479196377,399.1557525891923,4015.281156090114,202.60360478040295,424.93059171908374,453.086449782265,23575.237610561864,59.98724533488978,0.3.5,858bd57,Quiet FGK host (5200–6500K),20.0,200.0,30.0,1.0,2.82464,0606-1018,135,"[(157, 291)]"
Hritam C,V1298 Tau b,6.45,24.140006,0.84,0.041,666.0,0.1685,4970.0,1.32,1.1,61.3316547911,20.1570295577,10.12,V1298 Tau b,4970.0,1.32,1.1,61.3316547911,20.1570295577,10.12,6.45,0.0327961837443496,5.014072199852741,79.21547222481617,0.9962104321513088,20.852278188302822,172.315057093504,67820.57814509708,110.64132394652202,394.76554052379015,476.4515753112681,294.09483024039804,536.786244674845,608.0169642012238,2634.593520982913,238.73439301582076,475.6170501129103,489.20046292354687,37977.57319358763,37.2381235410766,0.3.5,858bd57,K/M host (Teff<5200K),20.0,100.0,30.0,1.0,6.45,0917-0202,139,"[(260, 33)]"
Hritam C,V1298 Tau c,4.89,8.249164,0.45,0.014,953.0,0.0824,4970.0,1.32,1.1,61.3316547911,20.1570295577,10.12,V1298 Tau c,4970.0,1.32,1.1,61.3316547911,20.1570295577,10.12,4.89,0.0327961837443496,5.014072199852741,79.21547222481617,0.8674124624306931,18.156330617363352,150.03680263073164,77890.9346925335,110.64132394652202,394.76554052379015,476.4515753112681,256.0719228126035,467.3862702750859,529.4077185866229,3025.791839244106,238.73439301582076,475.6170501129103,489.20046292354687,33067.53193685521,42.767436199158624,0.3.5,858bd57,K/M host (Teff<5200K),20.0,100.0,30.0,2.0,9.78,0917-0202,139,"[(260, 33)]"
Hritam C,V1298 Tau d,5.57,12.401394,0.53,0.019,831.0,0.1081,4970.0,1.32,1.1,61.3316547911,20.1570295577,10.12,V1298 Tau d,4970.0,1.32,1.1,61.3316547911,20.1570295577,10.12,5.57,0.0327961837443496,5.014072199852741,79.21547222481617,0.9257608816081822,19.37765638275336,160.1293602444604,72981.66168493853,110.64132394652202,394.76554052379015,476.4515753112681,273.29716747877546,498.8260422370813,565.0195005448036,2835.083661692526,238.73439301582076,475.6170501129103,489.20046292354687,35291.89266278932,40.071910449399,0.3.5,858bd57,K/M host (Teff<5200K),20.0,100.0,30.0,2.0,11.14,0917-0202,139,"[(260, 33)]"
Hritam C,V1298 Tau e,7.56,48.677714,0.91,0.048,527.0,0.2689,4970.0,1.32,1.1,61.3316547911,20.1570295577,10.12,V1298 Tau e,4970.0,1.32,1.1,61.3316547911,20.1570295577,10.12,7.56,0.0327961837443496,5.014072199852741,79.21547222481617,1.0785297415485509,22.57535303717125,186.5538725494429,62644.13938707998,110.64132394652202,394.76554052379015,476.4515753112681,318.396606794181,581.1422075612694,658.2588960054978,2433.506883466205,238.73439301582076,475.6170501129103,489.20046292354687,41115.75313728503,34.395905570574186,0.3.5,858bd57,K/M host (Teff<5200K),20.0,100.0,30.0,1.0,7.56,0917-0202,139,"[(260, 33)]"
Hritam C,HIP 67522 b,4.87,6.959467,0.91,0.043,1175.0,0.074,5675.0,1.38,1.22,207.5259956189,-40.8358991797,9.79,HIP 67522 b,5675.0,1.38,1.22,207.5259956189,-40.8358991797,9.79,4.87,0.1326159498988259,10.153446900654908,116.00287448905308,1.513514516874389,35.02668645447885,194.0105560002309,40375.31680911428,159.0826356345019,520.4216565217608,608.5352058995268,310.50460648455703,537.2268735174969,608.092347197876,2632.432650126978,283.32786958564384,583.5057063745919,614.6617883504507,37222.210362842525,37.99380930329837,0.3.5,858bd57,Quiet FGK host (5200–6500K),20.0,200.0,30.0,1.0,4.87,0223-0710,138,"[(54, 191)]"
Hritam C,HIP 67522 c,5.66,14.334887,0.69,0.028,917.0,0.12,5675.0,1.38,1.22,207.5259956189,-40.8358991797,9.79,HIP 67522 c,5675.0,1.38,1.22,207.5259956189,-40.8358991797,9.79,5.66,0.1326159498988259,10.153446900654908,116.00287448905308,1.631662475363384,37.76093938108904,209.15540651945753,37451.757968747566,159.0826356345019,520.4216565217608,608.5352058995268,334.74321467005336,579.1638735553929,655.5612472931189,2441.81936572022,283.32786958564384,583.5057063745919,614.6617883504507,40127.85025977569,35.242694368571954,0.3.5,858bd57,Quiet FGK host (5200–6500K),20.0,200.0,30.0,1.0,5.66,0223-0710,138,"[(54, 191)]"
